"no","perusahaan","komoditi"
1,"ADIDIE, IND TEMBAKAU TABUNGJl. Libukang, Soppeng, Sulawesi SelatanTelp.","Tembakau Tabung"
2,"ADINATA, UDJl. Dato Gappa No.16, Gowa, Sulawesi SelatanTelp. 883342","Kecap Dan Saus"
3,"ADM COCOA, PTJl. Kima 8 Kav Bb-1, Makassar, Sulawesi SelatanTelp. 0411 - 472304","Biji Coklat Kering"
4,"AFDHOL, UDAmassangang Timur, Pinrang, Sulawesi SelatanTelp.","Beras"
5,"AFTECH, PTJl. Kima 8 Kav Ss-23b, Sulawesi Selatan, Sulawesi SelatanTelp.","Cup Plastik"
6,"AKSAR, CVJl. Rappokalling Timur No. 5, Makassar, Sulawesi SelatanTelp.","Baju Olahraga"
7,"ALFA FURNI MEGA INDAH, PTJl. Kima Raya 2 No. 6, Makassar, Sulawesi SelatanTelp. 0411 - 510610","Karet Busa"
8,"ALFRED, UDJl. Ir Sutami No. 22, Makassar, Sulawesi SelatanTelp.","Rumput Laut Kering"
9,"ALIFKA INDAH, UDJl. Poros Alitta Dusun Bunga Losie, Pinrang, Sulawesi SelatanTelp.","Beras"
10,"ALUMINIUM INDOJAYA PERKASA, PTJl. Kima 16 Kav Dd-7, Sulawesi Selatan, Sulawesi SelatanTelp. 0411 -","Aluminium"
11,"ANDAL UTAMA, CVJl. Racing Centre, Perumahan Mutiara Indah Blok B No. 7, Makassar, Sulawesi SelatanTelp. 041 - 446045","Jasa Service Alat Berat"
12,"ANDALAS JAYAJl. Kapassa Raya, Makassar, Sulawesi SelatanTelp. 0411 - 510251","Wajan"
13,"ANEKA BETON PRIMA, PTJl. Kima 8 Kav Ss No.9 A, Makassar, Sulawesi SelatanTelp. 0411 - 505611","Tiang Pancang Dan Panel Beton"
14,"ANEKA BOGA MAKMUR, PTJl. Kima 10/a - 2b, Makassar, Sulawesi SelatanTelp. 0411 - 516065","Biskuit"
15,"ANEKA GAS INDUSTRI, PTJl. Kima 3 Blok N-1 C Daya, Makassar, Sulawesi SelatanTelp. 0411 - 510258","Gas Industri"
16,"ANEKA PLASTINDO PERKASA, PTJl. Kapasa Raya No. 20, Makassar, Sulawesi SelatanTelp. 411 - 514447","Jaring Plastik"
17,"ANEKA SARI PANGAN MAKASAR, PTJl. Kima 4 Kav 10a, Makassar, Sulawesi SelatanTelp. 0411 - 519123","Makanan Ringan"
18,"ANUGERAH ALAM NUSANTARA, CVJl. Poros Eremerasa, Bonto Lorong, Desa Lonrong, Bantaeng, Sulawesi SelatanTelp.","Air Minum Dalam Kemasan"
19,"ANUGERAH BINTANG CEMERLANG, CVJl. Bambu Runcing No. 99, Maros, Sulawesi SelatanTelp.","Ikan Beku"
20,"ANUGERAH SEJATI, CVJl. Metro Tanjung Bunga A.33 Ruko Sumba Opu, Makassar, Sulawesi SelatanTelp.","Telur Ikan Terbang Kering_"
21,"ANUGRAH AGUNG, CVJl. Bakau, Palopo, Sulawesi SelatanTelp.","Rumput Laut Kering"
22,"ANUGRAH DELTA ABADI, PTKamp Mangilu Dalam, Pangkajene Dan Kepulauan, Sulawesi SelatanTelp.","Marmer"
23,"ANUGRAH, PBDusun Alau Salo, Wajo, Sulawesi SelatanTelp.","Beras"
24,"ARFAN, IND KEPITINGDusun Kalongkong, Takalar, Sulawesi SelatanTelp. 577874","Daging Rajungan Beku"
25,"ASERA, PTJl. Andi Ahmad, Palopo, Sulawesi SelatanTelp.","Air Minum Dalam Kemasan"
26,"ASI SEJAHTERA MINA P.TJl. Ir.sutami, Makassar, Sulawesi SelatanTelp.","Rumput Laut"
27,"ATBM MASSELLOMOEJl.budi Utomo No. 45 Sengkang, Wajo, Sulawesi SelatanTelp.","Kain Sutera"
28,"BAHAR, ATBMJl Poros Pare Pare, Wajo, Sulawesi SelatanTelp.","Kain Sutera India Meteran"
29,"BAHMA, UDDusun Cora, Pinrang, Sulawesi SelatanTelp.","Beras"
30,"BALANG RAYA PUTRA, CVKampung Balang, Biring Ere, Pangkajene Dan Kepulauan, Sulawesi SelatanTelp.","Mobiler (meja)"
31,"BALQIS PRATAMA, PTJl. Andi Tonro 29, Makassar, Sulawesi SelatanTelp.","Ikan"
32,"BANDENG TANPA TULANG Lingkungan Bulu Siape, Pinrang, Sulawesi SelatanTelp.","Bandeng Tanpa Tulang"
33,"BANGUN MAKASSAR MININGTabo-tabo, Pangkajene Dan Kepulauan, Sulawesi SelatanTelp.","Marmer"
34,"BANTIMURUNG INDAH, PTJl. Dr. Samratulangi Km. 31 No. 163, Maros, Sulawesi SelatanTelp. 0411 - 371152","Bubuk Dan Chip Rumput Laut"
35,"BANTIMURUNG INDAH, PTJl. Dr Sam Ratulangi No. 163 Kel Allepoa, Maros, Sulawesi SelatanTelp.","Alkali Treated Cattoni (atc)"
36,"BARAWAJA, PTJl. Barawaja No.48, Makassar, Sulawesi SelatanTelp. 0411 - 453581","Besi Beton"
37,"BARUDusun Poleonro, Bone, Sulawesi SelatanTelp.","Daging Kepiting Olahan"
38,"BATU ASATabo Tabo, Pangkajene Dan Kepulauan, Sulawesi SelatanTelp. 852989","Batu Asa"
39,"BENGKEL LAS (H. SYUKUR)Jl. Lembo No. 14 Makassar, Sulawesi Selatan, Sulawesi SelatanTelp.","Alikator Bangunan"
40,"BERINGAN JAYA, UDJl. Cinranae No. 1, Maros, Sulawesi SelatanTelp.","Ikan Kerapu Beku"
41,"BERKAH MULIA, UDJl. Poros Cora, Pinrang, Sulawesi SelatanTelp.","Beras"
42,"BERSAUDARA, UDDusun Cora, Pinrang, Sulawesi SelatanTelp.","Beras"
43,"BETON MEGAH PERKASA SETIA , PTJl. Raya Malino Km. 18, Gowa, Sulawesi SelatanTelp. 0411 -","Tiang Beton"
44,"BILA UTARA, CVJl. G.merapi No.165, Makassar, Sulawesi SelatanTelp. 0411 - 361064","Barang Hasil Percetakan"
45,"BINA PUSAKA, UDJl. Tokambang, Bulukumba, Sulawesi SelatanTelp.","Kapal Pesiar"
46,"BINA SPORT, CVJl. Barang Lompo, Makassar, Sulawesi SelatanTelp. 0411 - 319016","Seragam Olahraga"
47,"BINTANG DUNIA FACTORY, (KARYA KITA), PRajawali Lr. 10, Makassar, Sulawesi SelatanTelp. 0411 - 322379","Sirop Markisa Bola Dunia"
48,"BINTANG MAS SPORTINDO, CVJl. Pemuda Pantai Satu Songka, Gowa, Sulawesi SelatanTelp.","Rumput Laut Kering"
49,"BINTANG MUJUR ABADI, PTJl. Salodong No. 68, Sulawesi Selatan, Sulawesi SelatanTelp. 0411 -","Keripik Bawang"
50,"BIOTA LAUT GANGGANG (BLG), PTJl. Kebangkitan. N0. 8, Sulawesi Selatan, Sulawesi SelatanTelp.","Tepung Rumput Laut"
51,"BIRU LAUT NUSANTARA, PTJl. Kima Viii Kav.ss No.23a, Kawasan Industri, Bone, Sulawesi SelatanTelp.","Tuna Beku"
52,"BODDIA JAYA, UDJl. Karaeng Salamaka, Takalar, Sulawesi SelatanTelp. 418232","Biji Telur Ikan Terbang Dalam Kemasan"
53,"BOGATAMA MARINUSA, PTJl. Kima Raya 2/n-4b1, Makassar, Sulawesi SelatanTelp.","Udang Kering"
54,"BONE AGUNG MINA PERSADA, CVJl. Wiyatamandala, Bone, Sulawesi SelatanTelp. 481 - 26555","Udang Beku"
55,"BOSOWA MINING MARMER, PTJl. Kel.leang -leang, Maros, Sulawesi SelatanTelp. 0411 -","Marmer"
56,"BRONIS PISANG SUKSES INDONESIAJl. Rappokalling Barat, Makassar, Sulawesi SelatanTelp.","Kue Bronis"
57,"BS POLYMER, PTJl. Kapasa Raya No.17, Makassar, Sulawesi SelatanTelp. 513777","Kantong Semen"
58,"BUANA LAUT NUSANTARA, CVJl. Kima Vi F1 B1, Makassar, Sulawesi SelatanTelp.","Frozen (pembekuan Gurita)"
59,"BUANA MAS, UDDusun Pao, Pinrang, Sulawesi SelatanTelp.","Beras"
60,"BUKIT MARMER INDAH, PTJl. H A Mappanyukki No. 56, Makassar, Sulawesi SelatanTelp. 411891","Marmer"
61,"BUMI MENARA INTERNUSA, PTJl. Kima 15 Kav R4, Sulawesi Selatan, Sulawesi SelatanTelp. 0411 -","Ikan Beku"
62,"BUMI SARANA BETON, PTJl. Dr Ratulangi No.8, Makassar, Sulawesi SelatanTelp. 0411 - 850350","Ready Mix"
63,"BUMI TANI 2, UDDusun Banyusari, Luwu Utara, Sulawesi SelatanTelp.","Beras"
64,"BUNGA MAS, UDJl. Poros Alitta, Pinrang, Sulawesi SelatanTelp.","Beras"
65,"CAHAYA ANUGRAH SENTOSA, PTJl. Perintis Kemerdekaan Km. 16, Makassar, Sulawesi SelatanTelp. 0411 - 472313","Kacang Telur"
66,"CAHAYA BARU MADANI, PTJl. Takkalasi, Maros, Sulawesi SelatanTelp. 0411 - 555430","Kancing"
67,"CAHAYA CEMERLANG, PTJl. Krg Pattingalloang No. 35, Makassar, Sulawesi SelatanTelp.","Kancing"
68,"CAHAYA KASURJl. Pahlawan No.84, Bantaeng, Sulawesi SelatanTelp.","Aplikatir Bangunan"
69,"CAHAYA KASURJl. Pahlawan No.84, Bantaeng, Sulawesi SelatanTelp.","Aplikatir Bangunan"
70,"CAHAYA KASURJl. Pahlawan No.84, Bantaeng, Sulawesi SelatanTelp.","Aplikatir Bangunan"
71,"CAHAYA KASURJl. Pahlawan No.84, Bantaeng, Sulawesi SelatanTelp.","Aplikatir Bangunan"
72,"CAHAYA KASURJl. Pahlawan No.84, Bantaeng, Sulawesi SelatanTelp.","Aplikatir Bangunan"
73,"CAHAYA KASURJl. Pahlawan No.84, Bantaeng, Sulawesi SelatanTelp.","Aplikatir Bangunan"
74,"CAHAYA KASURJl. Pahlawan No.84, Bantaeng, Sulawesi SelatanTelp.","Aplikatir Bangunan"
75,"CAHAYA KASURJl. Pahlawan No.84, Bantaeng, Sulawesi SelatanTelp.","Aplikatir Bangunan"
76,"CAHAYA KASURJl. Pahlawan No.84, Bantaeng, Sulawesi SelatanTelp.","Aplikatir Bangunan"
77,"CAHAYA KASURJl. Pahlawan No.84, Bantaeng, Sulawesi SelatanTelp.","Aplikatir Bangunan"
78,"CAHAYA KASURJl. Pahlawan No.84, Bantaeng, Sulawesi SelatanTelp.","Aplikatir Bangunan"
79,"CAHAYA KASURJl. Pahlawan No.84, Bantaeng, Sulawesi SelatanTelp.","Aplikatir Bangunan"
80,"CAHAYA KASURJl. Pahlawan No.84, Bantaeng, Sulawesi SelatanTelp.","Aplikatir Bangunan"
81,"CAHAYA KASURJl. Pahlawan No.84, Bantaeng, Sulawesi SelatanTelp.","Aplikatir Bangunan"
82,"CAHAYA KASURJl. Pahlawan No.84, Bantaeng, Sulawesi SelatanTelp.","Aplikatir Bangunan"
83,"CAHAYA MAKMUR, UDDusun Barangmamase, Maros, Sulawesi SelatanTelp. 813438","Beras"
84,"CARGIL INDONESIA, PT CFN MAKASSARJl. Kapasa Raya No. 22, Makassar, Sulawesi SelatanTelp. 0411 - 510140","Pakan Ternak"
85,"CARGILL INDONESIA, PT COCOA DIVISIONJl. Kima 9 Kav L No. 7b, Makassar, Sulawesi SelatanTelp. 0411 - 514361","Biji Kakao"
86,"CATUR PUTRA HARMONIS, PTJl. Insinyur Sutami No. 12, Makassar, Sulawesi SelatanTelp.","Vulkanisasi Ban"
87,"CELEBES INDONESIA MARBLE, PTJl. Bara Batu, Pangkajene Dan Kepulauan, Sulawesi SelatanTelp. 853550","Marmer"
88,"CELEBES PUTRA PRIMA, PTJl. Prof Dr Ir Sutami No. 65, Makassar, Sulawesi SelatanTelp.","Rangka Kursi Dari Kayu"
89,"CENTRALJAYA SAKTI, PTJl. Kima V Kav. E No. 3a Kawasan Industri, Wajo, Sulawesi SelatanTelp.","Tuna Beku"
90,"CENTRALJAYA SAKTI, PTJl. Kima V Kav. E No. 3a Kawasan Industri, Makassar, Sulawesi SelatanTelp.","Tuna Beku"
91,"CHAROEN POKPHAND INDONESIA, PTJl. Kima 17/dd-11, Makassar, Sulawesi SelatanTelp. 041 - 515999","Pakan Ternak"
92,"CHEN WOO FISHERY, PTJl. Kima 6/fiii-b2, Makassar, Sulawesi SelatanTelp. 0411 - 515263","Ikan Beku"
93,"CHOCOLICIOUSJl. A.p.pettarani No. 4e, Sulawesi Selatan, Sulawesi SelatanTelp.","Kue"
94,"CHOCOLICIOUS MAKASSARJl. A.p. Pettarani No. 40e, Makassar, Sulawesi SelatanTelp.","Kue Cokelat"
95,"CIPTA BETON SINAR PERKASA, PTJl. Abdullah Dg.suro, Gowa, Sulawesi SelatanTelp. 0411 - 855517","Cor Beton"
96,"CIPTA BETON SINAR PERKASA, PTJalan Onta Baru No. 138 B Makassar, Makassar, Sulawesi SelatanTelp.","Ready Mix"
97,"CITATAH TBK, PTJl. Siloro Rk I Rt.02, Pangkajene Dan Kepulauan, Sulawesi SelatanTelp. 0410 - 323663","Slab  Tile Marmer"
98,"CITRA MENTE, PTKampung Talappasa, Pangkajene Dan Kepulauan, Sulawesi SelatanTelp. 0410 - 231672","Mete Pecah Kulit"
99,"Citra Metro Jaya, PTJl. Mangngilu Dalam Desa Mangilu, Sulawesi Selatan, Sulawesi SelatanTelp.","Industri Marmer"
100,"CITRA MULIA PERKASA, UDJl. Ir Sutami, Makassar, Sulawesi SelatanTelp.","Kacang Telur"
101,"CITRA MULTI LAUTDusun Mangara Bombang, Maros, Sulawesi SelatanTelp.","Daging Kepiting"
102,"CITRA USAHA MENTETaraweang, Pangkajene Dan Kepulauan, Sulawesi SelatanTelp.","Mete Lepas Kulit"
103,"COCA-COLA BOTTLING INDONESIA, PTJl. Perintis Kemerdekaan Km. 17, Makassar, Sulawesi SelatanTelp. 411 - 554681","Minuman Ringan"
104,"COMEXTRA MAYORA, PTJl. Salodong No.66, Makassar, Sulawesi SelatanTelp. 0411 - 510051","Kacang Mete"
105,"CS2 POLA SEHAT , PTJl. Poros Maros Bone Km. 7 Dusun Bonto Sunggu, Maros, Sulawesi SelatanTelp. 0411 - 388108","Teh Gelas"
106,"DAIWA AGUNG INTERNASIONAL, PTJl. Kima Xiii L-9a, Makassar, Sulawesi SelatanTelp.","Kancing"
107,"DAYACAYO ASRITAMA, PTJl. Siloro Rk I Rt.01, Pangkajene Dan Kepulauan, Sulawesi SelatanTelp. 0410 - 324300","Slab Dan Tile Marmer"
108,"DHARANA INTI BOGA GARUDA FOODJl Poros Malino Km 21, Pangkajene Dan Kepulauan, Sulawesi SelatanTelp.","Minuman Ringan"
109,"DHT/SIROP SARI BUAHJl. Teratai Indah Macanda, Gowa, Sulawesi SelatanTelp.","Sirop Dht"
110,"DIPA JAYA, PTJl. Kabaena No.6, Makassar, Sulawesi SelatanTelp. 323885","Barang Hasil Percetakan"
111,"DIRGA POULTRY SHOP BARANTI, CVArassie, Pinrang, Sulawesi SelatanTelp.","Rak Telur"
112,"DJUNDJUNG SULAWESI LESTARI, PTJl. Sabutung No. 58 C, Makassar, Sulawesi SelatanTelp. 323588","Rotan Polis"
113,"DONA-DONYJl. Tekukur No. 31, Makassar, Sulawesi SelatanTelp. 0411 - 853212","Kue Bolu"
114,"DUNIA MARINE PRODUCT/TAEHO, PTJl. Kima Iii Kav 4b, Makassar, Sulawesi SelatanTelp. 0411 - 512620","Frozen Shrimp"
115,"DUTA NIAGA JUMANTARA, PTJl. Sulawesi No. 258, Makassar, Sulawesi SelatanTelp. 041 - 362823","Reklame Billboard"
116,"EASTERN PEARL FLOUR MILLS, PTJl. Hatta No.302, Makassar, Sulawesi SelatanTelp. 0411 - 362222","Tepung Terigu"
117,"EASTINDO UTAMA INDUSTRI CORPJl. Banda No.15-17/ Jl. Barawaja No. 48, Makassar, Sulawesi SelatanTelp. 0411 - 448488","Atap"
118,"EKA SARI LESTARI, PTJl. Pattene 45, Maros, Sulawesi SelatanTelp.","Garam Beryodium"
119,"F4 COLLECTION, CVJl. Onta Lama No.17, Makassar, Sulawesi SelatanTelp.","Bordir Dan Konveksi"
120,"FIRDAUS AMIN, INDUSTRI LAMMINGJl. A Koro Maroanging, Wajo, Sulawesi SelatanTelp. 852422","Tabire/lamming"
121,"FOUR BRIGHT STAR, PTJl. Kima I D-2a, Kawasan Industri Makasar, Bone, Sulawesi SelatanTelp.","Udang Beku"
122,"FUTRY BAKERY AND CAKEJl. Poros Makassar Baturgase, Sulawesi Selatan, Sulawesi SelatanTelp.","Roti"
123,"GARDENIAJl. Kijang No. 59, Makassar, Sulawesi SelatanTelp. 852139","Roti"
124,"GARUDA LESTARI, UDJl. Tokasirang, Palopo, Sulawesi SelatanTelp.","Rumput Laut Kering"
125,"GARUDA SAKTI MANDIRI, UDLingk. Sanggalea Maccopa, Maros, Sulawesi SelatanTelp. 0411 - 372019","Kerupuk Jagung"
126,"GARUDA, UDJl. Poros Toe, Pinrang, Sulawesi SelatanTelp.","Beras"
127,"GILANG JAYA, UDJl. Dg Tappu Pa'lalakang, Takalar, Sulawesi SelatanTelp. 81342574111","Biji Telur Ikan Terbang"
128,"GIWANG CITRA LAUT, PTDusun Bontosunggu, Takalar, Sulawesi SelatanTelp. 0411 - 232792","Src (powder)"
129,"GOWA SEMIIR ABADIJl. Poros Malino Km. 3, Sulawesi Selatan, Sulawesi SelatanTelp. 0411 -","Roti"
130,"GRADENIAPoros Panciro No. 18, Gowa, Sulawesi SelatanTelp. 0411 - 8985174","Roti"
131,"Graha Tunggal Tata Persada, PTJl. Mangilu Dalam Desa Mangilu, Sulawesi Selatan, Sulawesi SelatanTelp.","Marmer"
132,"GUNA JAYA, CVDesa Bulu Ballea, Gowa, Sulawesi SelatanTelp. 411 - 448461","Air Minum Dlm Kemasan"
133,"GUNUNG MARMER RAYA, PTJl. Poros Raya, Gowa, Sulawesi SelatanTelp. 0410 - 270102","Tiles Marbel"
134,"GUNUNG MAS PERSADA JAYA, PTJl. A. Mappe, Pangkajene Dan Kepulauan, Sulawesi SelatanTelp. 81242198383","Marmer"
135,"GUNUNG SURYACumpiga, Bone, Sulawesi SelatanTelp. 0481 - 23930","Beras"
136,"H MENDIARA, ATBMJl. Poros Pare, Wajo, Sulawesi SelatanTelp.","Kain Sutera India"
137,"H. NURDINJl. Wanamakka, Wajo, Sulawesi SelatanTelp.","Kain Sutera India Meteran"
138,"H. SUKARDIJl. Lebongge, Wajo, Sulawesi SelatanTelp.","Kain Sutera India Meteran"
139,"HAMKA HKDesa Pitusunggu, Pangkajene Dan Kepulauan, Sulawesi SelatanTelp. 813437","Daging Kepiting Beku"
140,"HAMZAH, UDJl. Poros Palopo Dusun Alausalo, Wajo, Sulawesi SelatanTelp.","Beras"
141,"HARAPAN UTAMA, CVJl. Ir Sutami, Makassar, Sulawesi SelatanTelp. 0411 - 512320","Kayu"
142,"HARCO, UDJl. Hati Murni, Makassar, Sulawesi SelatanTelp.","Ayam Potong"
143,"HARNITA, UDLingkungan Madallo, Pinrang, Sulawesi SelatanTelp.","Beras"
144,"HARSAN TEKSTILJl. A. Pawellangi No.178, Wajo, Sulawesi SelatanTelp. 0485 - 324392","Kain Sutera"
145,"HASRUL JAYA, CVBiring Kassi, Pangkajene Dan Kepulauan, Sulawesi SelatanTelp.","Daging Kepiting"
146,"HBN , UDDusun Soroe, Pinrang, Sulawesi SelatanTelp.","Beras"
147,"HJ INDO ATI, IND SUTERAJl. Melati Sengkang, Wajo, Sulawesi SelatanTelp.","Kasin/sarung Sutera India"
148,"HJ NUR ALAM, ATBMImpa Impa, Wajo, Sulawesi SelatanTelp.","Kain Sutera"
149,"HUADI NICKEL ALLOY INDONESIA, PTJl. Poros Bulukumba, Sulawesi Selatan, Sulawesi SelatanTelp.","Nikel Setengah Jadi"
150,"HUTAMA TIRTA MAKASSAR, PTJl. Malino Km. 25 Kamp Beru, Gowa, Sulawesi SelatanTelp. 0411 - 821248","Air Minum Dalam Kemasan"
151,"IKRAM TIGA BERLIAN, PTDusun Pudukku, Enrekang, Sulawesi SelatanTelp.","Aspal At Wc"
152,"ILHAM TRIJAYA, PTJl. Kapasa Raya, Makassar, Sulawesi SelatanTelp.","Kancing"
153,"ILHAM, PTJl. Dr. Ratulangi, Palopo, Sulawesi SelatanTelp.","Rumput Laut Kering"
154,"INDAH SARI, CVJl. Dg Tata Iv Griya Tata Asri, Takalar, Sulawesi SelatanTelp. 813427","Butir Telur Ikan Terbang"
155,"INDO BRUSH UTAMA, PTJl. Kima 10 Kav C/2b, Makassar, Sulawesi SelatanTelp. 510164","Perkakas Plastik"
156,"INDO CHERRY, PTJl. Kima 19 Kav Ee 2, Makassar, Sulawesi SelatanTelp. 0411 - 472304","Roti Manis"
157,"INDOFOOD CBP SUKSES MAKMUR TBK DIVISI MINUMAN PABRIK GOWAJl. Poros Malino Km. 18 No. 18, Sulawesi Selatan, Sulawesi SelatanTelp. 0411 -","Amdk"
158,"INDOFOOD SUKSES MAKMUR, PTJl. Kima 10 Kav. A-3, Makassar, Sulawesi SelatanTelp.","Mie"
159,"INDOMARMER KUARI UTAMA, PTDesa Bara Batu, Pangkajene Dan Kepulauan, Sulawesi SelatanTelp. 0410 - 270109","Marmer"
160,"INDUSTRI TABERE SURIADILing Maroanging Pamman, Sulawesi Selatan, Sulawesi SelatanTelp.","Lamming"
161,"INDUSTRI TENUN ""NADAR""Jl. Poros Sengkang Pare-pere, Wajo, Sulawesi SelatanTelp. 081 - 342202682","Kain Sutera"
162,"INTI MAKMUR, CVJl. Kima 6 Blok F1/a2, Daya, Makassar, Sulawesi SelatanTelp. 0411 - 514242","Ikan Beku"
163,"INTISARI, PTJl. Jend.a.yani No.10-b, Makassar, Sulawesi SelatanTelp. 323039","Barang Cetakan"
164,"INTRA PALLANGGA POLYPLAST, CVJalan Pallangga Raya, Gowa, Sulawesi SelatanTelp. 411 - 8216968","Tali Rafia"
165,"IRMA SULINDO, PTJl. Ir Sutami No. 28, Makassar, Sulawesi SelatanTelp. 0411 - 510015","Balok Kayu"
166,"ISTANA 3, UDJl. Unanda, Palopo, Sulawesi SelatanTelp.","Rumput Laut Kering Press"
167,"ISTANA, UDJl. Andi Tendriajeng (eks Cakalang), Palopo, Sulawesi SelatanTelp.","Rumput Laut Kering"
168,"IWAN, ATBMJl. Poros Sengkang- Pare Pare, Wajo, Sulawesi SelatanTelp.","Kain Sutera"
169,"JAMBU MENTE MASATIJl. Tanete, Pangkajene Dan Kepulauan, Sulawesi SelatanTelp.","Mete Lepas Kulit"
170,"JAPFA COMFEED INDONESIA TBKKampung Baru, Sidenreng Rappang, Sulawesi SelatanTelp.","Jagung Giling"
171,"JAPFA COMFEED INDONESIA, PTJl. Raya Pallangga No. 5, Gowa, Sulawesi SelatanTelp. 0411 - 861289","Jagung Kering"
172,"JAPFA COMFEED INDONESIA, PTJl. Ir Sutami Km. 17, Makassar, Sulawesi SelatanTelp. 0411 - 553243","Pakan Ternak"
173,"JAS MULIA, PTCakaruddu  Desa Minanga Tallu, Luwu Utara, Sulawesi SelatanTelp.","Cpo (crude Palm Oil)"
174,"JASA HENDRA MANDIRI, PTJl. Jend. Muh Yusuf No. 8, Parepare, Sulawesi SelatanTelp.","Jasa Perbaikan Tabung Gas"
175,"JASA TEKNIK SOROWAKO, PTJl. Tanah Merah, Luwu Timur, Sulawesi SelatanTelp. 811426","Jasa Reparasi Alat Berat"
176,"JATI JAYA PERKASA MANDIRI, PTJl. Pattene, Maros, Sulawesi SelatanTelp. 0411 - 868143","Lantai Papan"
177,"JORDAN BAKERY (MKS BAYU SEMILIR)Jl. Poros Malino Km. 3 Kelurahan Bontoramba, Gowa, Sulawesi SelatanTelp. 865055","Roti Manis"
178,"JUAL BELI RUMPUT LAUT Dusun Watu, Bone, Sulawesi SelatanTelp.","Rumput Laut"
179,"KAHARUDDIN, IND LAMMINGJl. A. Koro Maroanging, Wajo, Sulawesi SelatanTelp. 852427","Lamming/tabere"
180,"KAKANTA, PTJl. Kima 21, Makassar, Sulawesi SelatanTelp.","Beton Ready Mix"
181,"KALABIRRANG MARMER LESTARI, PTJl. Poros Siloro Rk4 Rt 01, Pangkajene Dan Kepulauan, Sulawesi SelatanTelp.","Marmer"
182,"KALIJAYA PUTRA, PTJl. Timor No. 60, Makassar, Sulawesi SelatanTelp.","Kayu Jati"
183,"KALLA ELECTRICAL SYSTEM, PTJl. Perintis Kemerdekaan Km. 16 No. 24, Makassar, Sulawesi SelatanTelp. 0411 - 515266","Trafo Listrik"
184,"KANTONG SEMENJl. Poros Pelabuhan Biringkassi, Pangkajene Dan Kepulauan, Sulawesi SelatanTelp.","Kantong Semen"
185,"KANTOR IKI PTJalan Galangan Kapal, Bulukumba, Sulawesi SelatanTelp.","Reparasi Kapal"
186,"KAPAL INDONESIAJl. Galangan Kapal No. 31, Makassar, Sulawesi SelatanTelp.","Kapal Fiber"
187,"KARUNIA TIRTA MAS ABADI, PTJl. Anuang No. 1, Makassar, Sulawesi SelatanTelp.","Air Minum Dalam Kemasan"
188,"KARUNIA TIRTAMAS ABADI, PTJl. Poros Eremerasa, Bantaeng, Sulawesi SelatanTelp.","Air Minum Dalam Kemasan"
189,"KARYA JAYA MANDIRI, PTJl. Ir Sutami (tol Lama) No 15c, Makassar, Sulawesi SelatanTelp. 411 - 5068656","Finger Joint Laminated Wood"
190,"KARYA KITA, CVRajawali Lr 10, , Sulawesi SelatanTelp. 22 - 5206122","Buku Pelajaran"
191,"KARYA PUTRA PEPINGLingkungan Sambotara, Maros, Sulawesi SelatanTelp. 0411 - 534309","Pavin Block"
192,"KARYA UTAMA ANUGRAH, PTJl. Ir Sutami (tol Lama) No.15 B, Makassar, Sulawesi SelatanTelp. 0411 - 574192","Kayu Olahan"
193,"KATINGAN TIMBER CELEBES, PTJl. Prof Dr. Ir Sutami, Makassar, Sulawesi SelatanTelp. 0411 - 511212","Plywood"
194,"KAWA GUTTI, PTJl. Ir Sutami No. 22, Makassar, Sulawesi SelatanTelp.","Telur Ikan Terbang"
195,"KAYU NUSANTARA ANEKA INDUSTRI, PTDusun Pattene, Maros, Sulawesi SelatanTelp. 411 - 5776750","Parquet Floor"
196,"KEDAI 189Jl. Poros Maros Km. 25, Maros, Sulawesi SelatanTelp. 0411 - 373330","Kue Jalangkote"
197,"KELOLA MINA LAUT MAKASSAR, PTJl. Kima 17 Blok Dd 15 16, Makassar, Sulawesi SelatanTelp.","Olahan Seafood"
198,"KEMASAN CIPTA NUSANTARA, PTJl. Kima Raya 2/5-7, Makassar, Sulawesi SelatanTelp. 510444","Sterofoam"
199,"KEMILAU BINTANG TIMUR, PTJl. Kima 3 Kav 2 A, , Sulawesi SelatanTelp.","Ikan Beku"
200,"KEMILAU BINTANG TIMUR, PTJl. Kima 3 Kav.2 A, Makassar, Sulawesi SelatanTelp. 512818","Fillet Ikan Beku"
201,"KEPITING PADAIDI (DAMING)Jl. Lomokasse, Pangkajene Dan Kepulauan, Sulawesi SelatanTelp.","Daging Kepiting Rajungan"
202,"KETUPAT MAS, PTJl. Kima 10/b.3, Makassar, Sulawesi SelatanTelp.","Minyak Goreng"
203,"KIAN JAYA,UDJl. Kacon Dg Lalang No.84, Gowa, Sulawesi SelatanTelp. 0411 - 881152","Soda/limun"
204,"KILAT AGROTAMA UNGGUL, PTJl. Sultan Abdullah No. 63, Makassar, Sulawesi SelatanTelp. 451289","Minyak Goreng"
205,"KOP SERIKAT PEKERJA MERDEKA INDONESIAJl. Kima 8 Kav. 3 A1, Makassar, Sulawesi SelatanTelp. 0411 - 472318","Rumput Laut"
206,"KOSPERMINDOJl. Kima 8 Kav. 3 A1_x001f__x001f_, Makassar, Sulawesi SelatanTelp.","Rumput Laut"
207,"KPK ROSMAH MELATIJl. Gurami No. 2, Lappa, Sinjai, Sulawesi SelatanTelp. 0482 - 21296","Kue Simpul"
208,"KPRI RADARPoros Eremerasa Dapoko, Bantaeng, Sulawesi SelatanTelp. 082346402777","Air Minum Dalam Kemasan"
209,"LANRISANG, UDJl. Poros Jampue, Pinrang, Sulawesi SelatanTelp.","Beras"
210,"LAUFE HASANJl. Lajokka Pollappo, Wajo, Sulawesi SelatanTelp.","Kain Sutera"
211,"LINTAS ANTAR NUSA, PT__Jl. Poros Kupa__, Bone, Sulawesi SelatanTelp.","Ikan Terbang Beku"
212,"LOKA TANI, UDJl. Andi Mappe, Bungoro, Pangkajene Dan Kepulauan, Sulawesi SelatanTelp. 0410 - 21802","Kacang Mente"
213,"LONDON SUMATERA INDONESIA, PTDusun Palangisang, Bulukumba, Sulawesi SelatanTelp. 0413 - 258927","Karet"
214,"LOSARI SILKJl. A Baso No. 4, Wajo, Sulawesi SelatanTelp. 0485 - 22489","Kain Sutera"
215,"LUHUR PLASTIKJl. Angkasa No. 39, Makassar, Sulawesi SelatanTelp.","Alat Rumah Tangga Dan Plastik"
216,"LUMPUE INDAH, PTJl. Lingkar Anyer, Parepare, Sulawesi SelatanTelp.","Batu Kerikil"
217,"M P SAHAR GALESONGDusun Sawakung, Takalar, Sulawesi SelatanTelp.","Daging Rajungan"
218,"MAGALLO, PTJl. Kima 3 Kav 5 Ab, Makassar, Sulawesi SelatanTelp. 515855","Ikan Beku"
219,"MAJU AWAN INDO PURNAMA JAYA, PTJl. Poros Makassar Maros Km. 23 No. 88, Maros, Sulawesi SelatanTelp.","Pembekuan Ikan"
220,"MAKASSAR MARMER MULIA INDAHDusun Lingkungan Panaikang, Maros, Sulawesi SelatanTelp. 0411 - 325735","Marble Tiles  Marble Silabs (marmer)"
221,"MAKASSAR MEGA PRIMA, PTJl. Kima 10/ A - 1a1, Makassar, Sulawesi SelatanTelp. 0411 - 513808","Spring Bed"
222,"MAKASSAR SINGAPORE FISHERY, PTJl. Mattoanging 3 No. 11, Makassar, Sulawesi SelatanTelp.","Frozen Fish"
223,"MAKMUR, UDDesa Amassangang, Pinrang, Sulawesi SelatanTelp.","Beras"
224,"MALINDO FEDMILL, PTJl. Kima 19 Kav Ee No. 5b, Sulawesi Selatan, Sulawesi SelatanTelp. 0411 -","Pakan Ternak"
225,"MALLO FOOD, PTJl. Salodong No. 60, Makassar, Sulawesi SelatanTelp.","Minuman Ringan"
226,"MANDIRIJl. Poros Soppeng Sidrap Ompo, Sulawesi Selatan, Sulawesi SelatanTelp.","Beras"
227,"MAPPASAU , UDKampung Bila, Pinrang, Sulawesi SelatanTelp.","Beras"
228,"MARIJO 88Jl. Poros Pinang - Pare Kel. Manarang (bulu), Tana Toraja, Sulawesi SelatanTelp.","Bandeng Tanpa Duri_x"
229,"MARS SYMBIOSCIENCE INDONESIA (EFFEM),Jl. Kima X Kav A/6, Makassar, Sulawesi SelatanTelp. 0411 - 515702","Olahan Kakao"
230,"MARUKI INTERNATIONAL INDONESIA, PTJl. Kapasa - Kimia, Makassar, Sulawesi SelatanTelp. 0411 - 512255","Butsudan"
231,"MAS DUA DUA SUPERJl. A. Panne No. 175 Macanre, Soppeng, Sulawesi SelatanTelp.","Rokok Kritek Filter"
232,"MASTER INDO AROMA MITRA, PTJl. Ahmad Yani No. 375, Makassar, Sulawesi SelatanTelp. 0411 - 322628","Es Krim"
233,"MAYAPADA, PENGGL PADIJl. Pelabuhan, Luwu, Sulawesi SelatanTelp.","Beras"
234,"MEGA CITRA KARYA, PTJl. Ir. Sutami No.1 Gudang A, Makassar, Sulawesi SelatanTelp. 813425","Ikan Beku"
235,"MEGA, UDBarugae, Pinrang, Sulawesi SelatanTelp.","Beras"
236,"MEGAHPUTRA SEJAHTERA, PTJl. Karaeng Pattingaloang No. 1, Makassar, Sulawesi SelatanTelp. 0411 - -55335","Mie Kering"
237,"MERPATI DUA, CVJl. Lembeh No. 85a/ Jl. Lantebung, Makassar, Sulawesi SelatanTelp. 0411 - 361347","Kacang Telur"
238,"MINI PLANT BAWASALOJl. Pundata Baji, Pangkajene Dan Kepulauan, Sulawesi SelatanTelp. 0410 - 231428","Daging Kepiting"
239,"MINI PLANT SAMUDERA TIMURJl. Ds Watu,lingkungan Maccedde, Bone, Sulawesi SelatanTelp.","Rajungan / Kepiting Olah"
240,"MITRA KARTIKA SEJATI, PTJl. Kima Raya I Kav.d.i-b, Makassar, Sulawesi SelatanTelp. 0411 - 514515","Udang Beku"
241,"MITRA TIMUR NUSANTARA PTJalan Sultan Abdullah Raya, Gowa, Sulawesi SelatanTelp.","Ikan Demersal Beku"
242,"MITRA TIMUR NUSANTARA PTJl. Sultan Abdullah Raya, Makassar, Sulawesi SelatanTelp.","Ikan"
243,"MP LISHA , UDKamp Tamarunang, Pangkajene Dan Kepulauan, Sulawesi SelatanTelp.","Daging Kepiting Rajungan"
244,"MP LISHA , UDKamp Tamarunang, Pangkajene Dan Kepulauan, Sulawesi SelatanTelp.","Daging Kepiting"
245,"MP SAHAR GALESONGDusun Sawakung, Takalar, Sulawesi SelatanTelp.","Daging Rajungan"
246,"MP SAMUDRA TIMURDusun Kasumpureng Rt.3 Rw. 13, Bone, Sulawesi SelatanTelp.","Rajungan Kepiting"
247,"MRN, UDDusun Benrang, Pinrang, Sulawesi SelatanTelp.","Beras"
248,"MUJUR BISKUIT (LIANG SENG)Jl. Adipura No.22, Makassar, Sulawesi SelatanTelp. 0411 - 442729","Biskuit"
249,"MUJUR, UDDusun Kanari, Pinrang, Sulawesi SelatanTelp.","Beras"
250,"MULIA AGRO, CVJl. Idrus Kambau (eks Jl. Pantai 1), Palopo, Sulawesi SelatanTelp.","Rumput Laut Kering"
251,"MULTI MONODON INDONESIA, PTJl. Kima Raya I Blok D-2b Up, Makassar, Sulawesi SelatanTelp. 513576","Udang Beku"
252,"MULTI SARI MAKASSARJl. Kima 14 Kav Ss-12, Makassar, Sulawesi SelatanTelp. 0411 - 472323","Ikan Beku"
253,"MURNI, UDDesa Pekaloa, Luwu Timur, Sulawesi SelatanTelp.","Papan Balok"
254,"MUSLIMIN/NURSANG, ATBMImpa-impa Desa Pakkana, Wajo, Sulawesi SelatanTelp.","Kain Sutera"
255,"MUTIARA MURNI, CVJl. Pelabuhan Tana Lemo, Bulukumba, Sulawesi SelatanTelp.","Kapal Motor"
256,"MUTIARA NUSA TIMUR, CVJl. Tomanganbari, Palopo, Sulawesi SelatanTelp.","Kepiting Cangkang Lunak"
257,"NELLY JAYA PRATAMA, PTDesa Lembang Tampo, Tana Toraja, Sulawesi SelatanTelp.","Vineer"
258,"NIPPON INDOSARI CORPINDO TBK, PTJl. Kima X Kav A No. 2b Daya, Makassar, Sulawesi SelatanTelp.","Roti"
259,"NIRWANA KONVEKSI, UDJl. Nangka No.17 A, Pangkajene Dan Kepulauan, Sulawesi SelatanTelp. 0410 - 324188","Baju Seragam Sekolah"
260,"NIRWANA, UDJl. Alewaden, Wajo, Sulawesi SelatanTelp. 813554","Dedak"
261,"NUANSA CIPTA MAGELLO, PTJl. Kima 4/k -5a, Makassar, Sulawesi SelatanTelp. 0411 - 515855","Rajungan Olah"
262,"NURDIN, ATBMJl. Wana Makka, Wajo, Sulawesi SelatanTelp.","Kain Sutera"
263,"NUSA DWIPA CITRA TUNGGAL, PTJl. Kima 7 Blok J No. 4, Makassar, Sulawesi SelatanTelp. 0411 - 514514","Fillet Ikan"
264,"NUSANTARA POLYTAMAJl. Kima Raya I/b - 6, Makassar, Sulawesi SelatanTelp.","Kantong Plastik"
265,"OCEAN CHAMP SEAFOOD, PTJl. Kima 7 Kav J-2, Makassar, Sulawesi SelatanTelp.","Kepiting Dalam Kaleng"
266,"OME TRADING COY, CVJl. Pengayoman, Perum Akik Hijaunblok C7, Gowa, Sulawesi SelatanTelp.","Ikan Kayu"
267,"OMERESO FOODS, PTJl. Poros Kanjilo-barombong, Gowa, Sulawesi SelatanTelp. 821694","Hana Katsuobushi"
268,"PALOPO MANDIRI UD (ADI SUCIPTO)Jl. Home Base, Palopo, Sulawesi SelatanTelp.","Rumput Laut"
269,"PANCA USAHA PALOPO PLYWOOD IV (PAL)Jl. Poros Bulukumba - Makassar Km 5, Luwu, Sulawesi SelatanTelp. 471 - 326172","Veneer"
270,"PANCA USAHA PALOPO PLYWOOD, PT(PALOPO ALAM LESTARI, PT)Dusun Paobali, Luwu Timur, Sulawesi SelatanTelp.","Veneer"
271,"PARAHYANGAN, CVJl. Monginsidi No. 59, Makassar, Sulawesi SelatanTelp. 0411 - 856498","Barang Hasil Percetakan"
272,"PARLEVLIET PARABA SEAFOODS, PTJl. Jembatan Tua No.89, Maros, Sulawesi SelatanTelp.","Ikan Olahan"
273,"PASATU, PTJl. Kima 10 Kav.3-b, Makassar, Sulawesi SelatanTelp. 510110","Karet Busa"
274,"PB 35Jl. Talumae, Sidenreng Rappang, Sulawesi SelatanTelp.","Beras"
275,"PB RAODAH Jl. Poros Alitta Dusun Bunga Losie, Pinrang, Sulawesi SelatanTelp.","Beras"
276,"PEMINTALAN TALIJl. Pendidikan, Pinrang, Sulawesi SelatanTelp. 0421 - 923938","Abon Ikan Tuna"
277,"PEMINTALAN TALI ""ABD GANI""Jl. Pendidikan Dusun Ujung Lero, Pinrang, Sulawesi SelatanTelp.","Tali"
278,"PEMINTALAN TALI ""HAMAL""Dusun Ujung Lero, Pinrang, Sulawesi SelatanTelp.","Tali"
279,"PEMINTALAN TALI (ABD GANI)Jl. Pendidikan, , Sulawesi SelatanTelp.","Parabola"
280,"PENGERINGAN RUMPUT LAUT LADI JAMIUNJl. Idrus Kambau (eks Jalan Pantai 1), Palopo, Sulawesi SelatanTelp.","Rumput Laut Kering"
281,"PENGGILINGAN PADI HMSJl. Poros Paero, Pinrang, Sulawesi SelatanTelp.","Beras"
282,"PENGUPASAN KEPITING ' TAUFIK 'Kampung Solo, Pangkajene Dan Kepulauan, Sulawesi SelatanTelp.","Daging Kepiting Rajungan"
283,"Penjahit Peci ""Hatija""Kampung Padadayya Mappasaile, Sulawesi Selatan, Sulawesi SelatanTelp.","Peci Haji"
284,"PERTANI (PERSERO), PTJl. Poros Bone Sinjai Km. 9, Bone, Sulawesi SelatanTelp. 0481 - 291390","Beras"
285,"PERTANI (PERSERO), PTJl. Jend Sudirman No. 5 Ulutedong, Pinrang, Sulawesi SelatanTelp. 0421 - 921545","Beras"
286,"PERTANI (PERSERO), PT UPP SIDRAPJl. Poros Rappang No. 8, Sidenreng Rappang, Sulawesi SelatanTelp. 0421 - 358277","Beras"
287,"PERTENUNANJl. Kejaksaan, Wajo, Sulawesi SelatanTelp. 852998","Sarung Sutra India"
288,"PHILIPS SEAFOOD , PTJl. Lamelleng No.42, Barru, Sulawesi SelatanTelp. 0421 - 21105","Rajungan Beku"
289,"PIALA LAUT INDONESIA, PTJl. Kima 17 Kav Dd 9, Makassar, Sulawesi SelatanTelp.","Ikan Laut Brku"
290,"PIALA SUTERAJl. A. Parenrengi No. 46 Sengkang, Wajo, Sulawesi SelatanTelp. 0485 - 21806","Kain Sutera"
291,"PINRANG PANTAI INDAH, PTMajjakka B, Pinrang, Sulawesi SelatanTelp. 811249","Roti Manis Aneka Rasa"
292,"PRIMAJl. Latappere No. 245, Soppeng, Sulawesi SelatanTelp.","Rokok"
293,"PRIMA BAHARI INTI LESTARIJl. Kima 12/k - 5c, Makassar, Sulawesi SelatanTelp. 514161","Ikan Beku"
294,"PRIMA INDO TUNA, CVJl. Prof. Dr. Ir. Sutami No. 32, Makassar, Sulawesi SelatanTelp.","Ikan Beku"
295,"PRIMA KARYA MANUNGGAL, PTJl. Tonasa Ii Biringere  Kel. Bontoa, Pangkajene Dan Kepulauan, Sulawesi SelatanTelp. 0410 - 310040","Ready Mix Concrete"
296,"PRIMA TANI, PT (RAK PRIMA)Jl. Poros Malimpung, Pinrang, Sulawesi SelatanTelp.","Rak Telur"
297,"PROCESSING UNIT CRAB PANGKEPJl. Km. P Bontosunggu No.13 Rt.11/04, Pangkajene Dan Kepulauan, Sulawesi SelatanTelp.","Daging Kepiting Rajungan"
298,"PROMOSY, UDLingkungan Buloe, Wajo, Sulawesi SelatanTelp.","Beras"
299,"PTP NUSANTARA  XIV BONEJl. Mesjid Raya No. 94 Arasoe, Bone, Sulawesi SelatanTelp. 21359","Gula Pasir"
300,"PTP NUSANTARA XIV GULA TAKALARJl. Parappunganta, Takalar, Sulawesi SelatanTelp. 0418 - 21647","Gula Pasir"
301,"PTP NUSANTARA XIV PG CAMMINGDesa Pitumpidange, Bone, Sulawesi SelatanTelp.","Gula Pasir"
302,"PTP NUSANTARA XIV PKS LUWU, PTDesa Lagego, Luwu Timur, Sulawesi SelatanTelp.","Cpo (crude Palm Oil)"
303,"PURNA KARYA MANUNGGAL, PTJl. Kima 8 No.2, Makassar, Sulawesi SelatanTelp. 505075","Ready Mix Concrete"
304,"PURNAMA KARYA NUGRAHADesa Padang Loang, Bulukumba, Sulawesi SelatanTelp.","Aspal Hotmix"
305,"Pusaka Marmer indah Raya, PTBulu Sipong, Sulawesi Selatan, Sulawesi SelatanTelp.","Marmer"
306,"PUTRA TUNGGAL, CVJl. Poros Kariango Dusun Borongloe, Maros, Sulawesi SelatanTelp. 611788","Rotan Polis"
307,"PUTRI JAYA, CVJl. Ir. Sutami Komp. Pergudangan Tamalanrea Blok E3, Makassar, Sulawesi SelatanTelp.","Rumput Laut Kering"
308,"PYRAMID MEGAH SAKTI, PTJl. Kima V/e-1, Makassar, Sulawesi SelatanTelp. 0411 - 510071","Biskuit"
309,"RAJUNGAN (SUARDI)Dusun Sawakung, Takalar, Sulawesi SelatanTelp.","Daging Rajungan"
310,"RAJUNGAN Dusun Bontosunggu, Takalar, Sulawesi SelatanTelp.","Daging Rajungan Dalam Kemasan"
311,"RAJUNGAN MP ABADIDusun Bontosunggu, Takalar, Sulawesi SelatanTelp.","Daging Rajungan"
312,"RAKTELINDO, CVLi.ngkungan 2 Datae, Sidenreng Rappang, Sulawesi SelatanTelp.","Rak Telur"
313,"RANTE MARIO, PTJl. Sultan Abdullah No.77, Makassar, Sulawesi SelatanTelp. 444222","Sawn Timber"
314,"RAPID NIAGA INTERNATIONAL, PTJl.  Ir. Sutami Blok L.5 No.18 Pergudangan Paranglo, Makassar, Sulawesi SelatanTelp.","Rumput Laut Kering"
315,"RESKI PURNAMA (AMIRULLAH DG TUJU)Kamp. Mandar, Pangkajene Dan Kepulauan, Sulawesi SelatanTelp.","Daging Kepiting"
316,"RESKI UD (WAHIDIN)Poros Biringkassi Raya, Pangkajene Dan Kepulauan, Sulawesi SelatanTelp. 821939","Daging Kepiting Rajungan"
317,"RESKY FANI JAYA UDDusun Tammate, Maros, Sulawesi SelatanTelp. 853988","Ayunan Bayi, Kasur"
318,"RIKA RAYHAN MANDIRI, PTJl. Kima Iv Kav. P-3a, Kawasan Industri, Wajo, Sulawesi SelatanTelp.","Rumput Laut Kering_x"
319,"RISMA SUTERAJl. Tanjong Manik, Wajo, Sulawesi SelatanTelp.","Kain Sutera India"
320,"RISMAN, UDJl. Poros Pinrang - Langnga, Pinrang, Sulawesi SelatanTelp.","Beras"
321,"RODA MAS BAJA INTI, PTJl. Kima Raya Ii No.2 Kav. R-1, Makassar, Sulawesi SelatanTelp. 510007","Paku"
322,"ROTI MAROS IMPA-IMPAJl. Impa-impa, Wajo, Sulawesi SelatanTelp.","Roti"
323,"ROTI MAROS SANGGALEAPoros Maros, Maros, Sulawesi SelatanTelp.","Roti"
324,"ROTI PELANGIJl. Rappokalling Raya No.34, Makassar, Sulawesi SelatanTelp. 0411 - 448320","Roti Manis"
325,"ROTI TAMAN SARIBtn I, Bulukumba, Sulawesi SelatanTelp.","Roti Manis"
326,"RUMBIA JAYA, KAROSERIJl. Dg.regge I Rw.i/rt.h No.93, Makassar, Sulawesi SelatanTelp. 323340","Kariseri Mobil"
327,"RUMPUT LAUT AMIRUDDINJl. Cakalang Baru, Palopo, Sulawesi SelatanTelp.","Rumput Laut Kering"
328,"RUMPUT LAUT H AMIRJl. Cakalang Jaya, Palopo, Sulawesi SelatanTelp.","Rumput Laut Kering"
329,"RUMPUT LAUT HAJI ANDI BASOPndok Bahagia Non Blok, Palopo, Sulawesi SelatanTelp.","Rumput Laut Kering"
330,"RUMPUT LAUT HERMANJl. Cakalang Baru, Palopo, Sulawesi SelatanTelp.","Rumput Laut Kering"
331,"RUMPUT LAUT LUKASJl. Batu Rante, Palopo, Sulawesi SelatanTelp.","Rumput Laut Kering"
332,"RUMPUT LAUT MASDINJl. Dr Ratulangi, Palopo, Sulawesi SelatanTelp.","Rumput Laut Kering"
333,"RUMPUT LAUT MASNURJl. Cendana Tobulung, Palopo, Sulawesi SelatanTelp.","Rumput Laut Kering"
334,"RUMPUT LAUT SAIFUDDINJl. Topao, Palopo, Sulawesi SelatanTelp.","Rumput Laut Kering"
335,"RUNTUDesa Tinjo Bali Rk Iv.rti, Pangkajene Dan Kepulauan, Sulawesi SelatanTelp.","Batu Asah"
336,"S DG TARRAKampung Pundata Baji, Pangkajene Dan Kepulauan, Sulawesi SelatanTelp.","Daging Kepiting"
337,"SABAR UTAMA, CVJl. Rahmatullah Raya, Makassar, Sulawesi SelatanTelp. 411 - 492068","Papan"
338,"SALEMO JAYA, CVPulau Salemo, Pangkajene Dan Kepulauan, Sulawesi SelatanTelp.","Daging Kepiting"
339,"SAMANG, KEPITINGDusun Bontosunggu, Takalar, Sulawesi SelatanTelp.","Rajungan Beku"
340,"SAMPURNA SPUTNIK, PTJl. Kima 5, Makassar, Sulawesi SelatanTelp. 411 - 510097","Minyak Goreng"
341,"SAMSIAH SABRI, ATBMJl. Kamolampadong, Wajo, Sulawesi SelatanTelp.","Kain Sutera"
342,"SAPOTINGGILingkungan Biringere, Sinjai, Sulawesi SelatanTelp.","Penutup Bossara Dan Gelas"
343,"SARI INDAH PACKAGING INDUSTRIES, PDJl. Adipura No. 24, Makassar, Sulawesi SelatanTelp. 0411 - 448323","Karton"
344,"SARUNG TANI, CVDusun Padakkalawa, Pinrang, Sulawesi SelatanTelp.","Beras"
345,"SEKISHIN FARINA WOOD INDONESIA, PTJl. Kima 6 Kav 1-2, Makassar, Sulawesi SelatanTelp. 510068","Kayu Olahan"
346,"SEMANGAT, UDJl. Takkalasi, Maros, Sulawesi SelatanTelp. 0411 - 555928","Solid Moulding Profile"
347,"SEMEN BOSOWA MAROS, PTDesa Baruga, Maros, Sulawesi SelatanTelp. 0411 - 372372","Semen"
348,"SEMEN TONASA , PTJl. Tonasa Pangkep, Pangkajene Dan Kepulauan, Sulawesi SelatanTelp. 0410 - 312345","Semen"
349,"SEMOGA BAHAGIA, UDDesa Pekaloa, Luwu Timur, Sulawesi SelatanTelp.","Papan Balok"
350,"SEMPURNA, CVDusun Tamarunang, Desa Baji Mangai, Maros, Sulawesi SelatanTelp. 0411 - 267739","Kecap"
351,"SENTOSA SUMBER GALESONG, PT_Jl. Sultan Hasanuddin, Kompleks Graha Satelit Blok A/20, Luwu Timur, Sulawesi SelatanTelp.","Telur Ikan Terbang Kering_"
352,"SERMANI STEEL CORPORATION, PTJl. Urip Sumoharjo Km. 7, Makassar, Sulawesi SelatanTelp. 0411 - 442254","Baja Lembar Lapis Seng"
353,"SETIA UNGGUL MANDIRI, PTJl. Kima 5, Sulawesi Selatan, Sulawesi SelatanTelp. 0411 -","Kopi Bubuk"
354,"SHIN CHAMPION, PTJl. Kima 15 Kav. R4 Kawasan Industri, Bone, Sulawesi SelatanTelp.","Tuna Beku"
355,"SIAGANT BOATS, PTJl. Sultan Abdullah, Makassar, Sulawesi SelatanTelp. 0411 - 448749","Perahu Boats"
356,"SIMPATI 333Jl. A. Panne No. 185 Macanre, Makassar, Sulawesi SelatanTelp.","Rokok Kreter Filter"
357,"SINAR BINTANG SELATANJl. Adipura I No. 4, Makassar, Sulawesi SelatanTelp. 0411 - 452275","Biskuit"
358,"SINAR EKA PUTRA, PTJl. Kima No. 10/b-2b, Makassar, Sulawesi SelatanTelp. 0411 - 514881","Kecap"
359,"SINAR GOWA INDUSTRY, PTJl. Prof Ir Soetami No.88, Makassar, Sulawesi SelatanTelp. 0411 - 472022","Mie Instant"
360,"SINAR GRAHA, PTJl. Sultan Abdulah No. 59, Tallo Lama, Makassar, Sulawesi SelatanTelp. 0411 - 439660","Ikan Beku"
361,"SINAR LAUT NUSANTARA, PTDusun Cikoang, Takalar, Sulawesi SelatanTelp.","Udang Beku"
362,"SINAR MATAHARI SEJAHTERA, CVJl. Lantebung No.88, Makassar, Sulawesi SelatanTelp. 0411 - 472077","Makanan Ringan"
363,"SINAR SURYA, UDJl. Poros Makassar Pare-pare Dusun Ballewe, Barru, Sulawesi SelatanTelp.","Kripik Pisang"
364,"SINAR TERANG MADANI,  PTJl. Trans Sulawesi Desa Fatufia Kec Bahodopi, Barru, Sulawesi SelatanTelp.","Pakan Ternak"
365,"SINAR WONOMULYO, UDJl. Tabri No. 17 Sidodadi, , Sulawesi SelatanTelp.","Rotan Polish"
366,"SINAR WONOMULYO, UDJl. Ir Sutami No 15, Makassar, Sulawesi SelatanTelp. 510782","Rotan Polish"
367,"SINAR, UDJl. Hm Ali Gassing, Jeneponto, Sulawesi SelatanTelp.","Paving Block"
368,"SINGULAR FURNITURE INDONESIA, PTJl. Kima Raya I Kav B-5, Makassar, Sulawesi SelatanTelp.","Tatame Table"
369,"SIPAKAENREJl. Dusun Laiwa, Bone, Sulawesi SelatanTelp.","Kepiting Beku"
370,"SIPATUO, UDJl. Poros Barugae - Jampue, Pinrang, Sulawesi SelatanTelp.","Beras"
371,"SIPORENNU, UDDusun Benrang, Pinrang, Sulawesi SelatanTelp.","Beras"
372,"SNTC INDONESIA, PTJl. Kima Raya No.5 - 6, Makassar, Sulawesi SelatanTelp. 510239","Alat Sembahyang Budha"
373,"SO GOOD FOOD, PTJl. Poros Kariango Ds Borongloe, Maros, Sulawesi SelatanTelp. 041 - 481506","Sosis"
374,"SOUTH SUCO, PTJl. Kima Vi Blok G-4, Makassar, Sulawesi SelatanTelp. 0411 - 510215","Udang Segar Beku"
375,"SUKSES HASIL ALAM INDONESIA PTJl. Kima 9, Makassar, Sulawesi SelatanTelp.","Ikan Laut"
376,"SUKSES TEDMOND, PTJl. Pabuaran  Ii  Kawasan Industri Pulogadung Blok G 5, Makassar, Sulawesi SelatanTelp. 0411 - 514036","Tangki Air"
377,"SULAWESI COTTON INDUSTRI, PTJl. Poros Makassar-bulukumba Km. 7, Bulukumba, Sulawesi SelatanTelp. 0413 - 84473","Serat Kapas"
378,"SULO, PTJl. Dr S Ratulangi No. 66, Toraja Utara, Sulawesi SelatanTelp. 0423 - 21024","Buku"
379,"SULOTCO JAYA ABADI, PTDesa Tiroan Bolokan, Tana Toraja, Sulawesi SelatanTelp.","Kopi Arabika Greenbezms"
380,"SUMBER BAHARI MANDIRI, CVJl. Perintis Kemerdekaan Km.12 Ruko No.5, Makassar, Sulawesi SelatanTelp.","Teripang, Sirip Hiu"
381,"SUMBER BARU, PTJl. Kima Raya Ii No.5, Makassar, Sulawesi SelatanTelp. 0411 - 317260","Saos Cabe"
382,"SUMBER GRAHA SEJAHTERA, PTJl. Andi Maradang Ds.benoa, Luwu Timur, Sulawesi SelatanTelp. 0471 - 326172","Kayu Lapis/tripleks"
383,"SUMBER MURNI LESTARI, PTJl. Kima Ivk - 9a, Makassar, Sulawesi SelatanTelp. 411 - 512223","Kulit Reptil Tersamak"
384,"SUMBER PANGAN NUSANTARA, CVJl. Pattene No. 59, Maros, Sulawesi SelatanTelp. 0411 - 550291","Makanan Ringan"
385,"SUMBER SINAR SULAWESIJl. A. Makkulau No. 88, Sulawesi Selatan, Sulawesi SelatanTelp.","Air Mineral"
386,"SUNGGUMANAI, UDJl. Pammusu Dg Beta Lingkungan Bontobonto Timur, Jeneponto, Sulawesi SelatanTelp.","Pintu"
387,"SURYA AGUNG, PTJl. Abdul Og Sirua No. 6, Makassar, Sulawesi SelatanTelp. 0411 - 441150","Barang Hasil Percetakan"
388,"SURYA MANDIRI, CVJl. Ir Sutami/jl. Pu No. 42e, Sulawesi Selatan, Sulawesi SelatanTelp. 0411 -","Mie"
389,"SURYA MAS AGUNG, PTJl. Poros Makassar Maros Km. 2sanggalea, Maros, Sulawesi SelatanTelp. 0411 - 371859","Ban Vulkanisir"
390,"SYUKUR, UDJl. Poros Paero, Pinrang, Sulawesi SelatanTelp.","Beras"
391,"TAWON JAYA MAKASAR, PTJl. Kapasa Raya  No. 79 A Makassar, Makassar, Sulawesi SelatanTelp. 0411 - 514680","Minyak Gosok Cap Tawon"
392,"TELUR IKAN (H. ANCU)Dusun Kampung Baru, Takalar, Sulawesi SelatanTelp.","Biji Telur Ikan Terbang Dalam Kemasan"
393,"TELUR IKAN (H. HASANUDDIN)Dusun Palalakkang, Takalar, Sulawesi SelatanTelp.","Biji Telur Ikan Terbang Dalam Kemasan"
394,"TELUR IKAN (H. TOLA)Dusun Jempang, Takalar, Sulawesi SelatanTelp.","Biji Telur Ikan Terbang Dalam Kemasan"
395,"TENUN ATBM ""H BAHRI""Jl. A Malingkaan Impa-impa, Wajo, Sulawesi SelatanTelp.","Kain Sutera"
396,"TENUN SARUNG SUTERA "" AMBO EMME ""Data Orai Desa Mario, Wajo, Sulawesi SelatanTelp. 085398381844","Tenun Kain Dan Sarung Sutera"
397,"TENUN SARUNG SUTERA ATBM "" H. HAMZAH""Jl. Pelangi No. 106 C, Wajo, Sulawesi SelatanTelp. 085299887974","Sarung Sutera"
398,"TENUN SUTERA CONDENGJl. Tanjung Manik, Wajo, Sulawesi SelatanTelp.","Kain Sutra Kristal"
399,"TENUN SUTRA AMINARNIDusun Tanjung Manni, Wajo, Sulawesi SelatanTelp.","Kain Sutera India"
400,"TENUN SUTRA HJ. JOHARENGJl. Tanjong Manik, Wajo, Sulawesi SelatanTelp.","Kain Sutra India"
401,"TERANG MAS ABADI PTJl. Ir Sutami, Makassar, Sulawesi SelatanTelp.","Agar Agar"
402,"TIFUNINDO RAYA, PTJl. Kima Raya I Blok C-4, Makassar, Sulawesi SelatanTelp.","Vulkanis Ban"
403,"TIGA SAUDARA INDONUSA, PTJl. Kima 6 Kav G-4c, Makassar, Sulawesi SelatanTelp. 510271","Jati Flooring"
404,"TIMOR, CVJl. Malino No.59, Gowa, Sulawesi SelatanTelp. 865526","Kotak Karton"
405,"TIRTA MULIA JAYA, PTDusun Panjo'jo, Takalar, Sulawesi SelatanTelp.","Air Minum Dalam Kemasan"
406,"TIRTA SUKSES PERKASA, PT (TIRTA NADI SJl. Pajonjo, Takalar, Sulawesi SelatanTelp. 0418 - 232800","Air Minum Dalam Kemasan"
407,"TOARCO JAYA PTJl. Poros Toraja Palopo , Sulawesi Selatan, Sulawesi SelatanTelp.","Kopi Bubuk"
408,"TOBICO, PTJl. Sultan Alauddin No.47, Makassar, Sulawesi SelatanTelp.","Telur Ikan"
409,"TOBIKA UTAMA, PTJl. Sultan Alaudin, Makassar, Sulawesi SelatanTelp.","Ikan Terbang"
410,"TOKO KUE SIMPULJl. Gurami No.2, Lappa, Sinjai, Sulawesi SelatanTelp.","Kue Simpul"
411,"TOMBONGI PERMATA RAYA, PTJl. Malino No. 258 Sungguminasa, Gowa, Sulawesi SelatanTelp. 0411 - 861471","Papan Kayu"
412,"TONY BAKERYJl. Andi Mappatola, Parepare, Sulawesi SelatanTelp.","Roti"
413,"TUJUH SAMUDERA JAYA, PTJl. Malino Kombes Armed, Gowa, Sulawesi SelatanTelp.","Teur Ikan Terbang"
414,"TUKANG JAHIT FITRAH Desa Pallae, Sulawesi Selatan, Sulawesi SelatanTelp.","Membuat Seragam Sekolah"
415,"UD. SEDERHANADusun Aluppang Desa Alewadeng, Sulawesi Selatan, Sulawesi SelatanTelp.","Beras"
416,"UD.PANEN PERDANA RAYADusun Alitta, Sulawesi Selatan, Sulawesi SelatanTelp.","Beras"
417,"UMKM 88 MARIJOJl. Poros Pinrang Pare Lingkungan Bulu Siape, Pinrang, Sulawesi SelatanTelp.","Ikan Bandeng Tanpa Tulang"
418,"USAHA RUMPUT LAUT (KARNO)Jalan Bakau No 60, Palopo, Sulawesi SelatanTelp.","Rumput Laut"
419,"USAHA RUMPUT LAUT Dr Ratulangi, Palopo, Sulawesi SelatanTelp.","Rumput Laut"
420,"USAHA TELUR IKAN (H. ELLA)Dusun Palalakkang, Takalar, Sulawesi SelatanTelp.","Biji Telur Ikan Terbang Dalam Kemasan"
421,"USAHA TENUN HJ. ANDI GALLONGJl. A. Malingkaan Impa-impa, Wajo, Sulawesi SelatanTelp.","Kain Sutera India"
422,"USRI MAKASSAR JAYAJl. Malino No. 59, Sulawesi Selatan, Sulawesi SelatanTelp. 0411 -","Minuman Markisa"
423,"UUD AGRIBISNIS KJUB PUSPETA LUWUGetengan, Tana Toraja, Sulawesi SelatanTelp. 0423 - 27337","Kopi Beras Hijau Arabica"
424,"VARIA USAHA BETON, PTJl. Kima 2 Blok S-1b,s-2, Makassar, Sulawesi SelatanTelp. 0411 - 512294","Beton Siap Pakai"
425,"WACOM, CVJl. Poros Malino Km. 25, Gowa, Sulawesi SelatanTelp. 0411 - 821062","Paving Block"
426,"WAHYU  PRADANA BINA MULIA, PTJl. Kima Raya I D No.2c, Makassar, Sulawesi SelatanTelp. 0411 - 510256","Udang Beku"
427,"WAHYU PUTRA BIMA SAKTI, PTJl. Kima Raya 10 T - 2b, Wajo, Sulawesi SelatanTelp.","Semi Refined Carrageenan_x"
428,"WIJAYA KARYA BETON, PTJl. Kima Ii Kav.s-4-6, Makassar, Sulawesi SelatanTelp. 0411 -","Tiang Pancang"
429,"WUTAMA TRI MAKMUR PTJl. Tpa Bontoa, Pangkajene Dan Kepulauan, Sulawesi SelatanTelp.","Marmer"
430,"YASSER FAIZJl. Kel Pundata Baji, Pangkajene Dan Kepulauan, Sulawesi SelatanTelp.","Daging Kepiting"
